{
  "results": {
    "epochs": [
      1,
      2,
      3,
      4,
      5,
      6,
      7,
      8,
      9,
      10,
      11,
      12,
      13,
      14,
      15,
      16,
      17,
      18,
      19,
      20
    ],
    "accuracy": [
      66.01222580232128,
      66.01438860750704,
      67.39101058721965,
      70.8406879181895,
      70.10614798779226,
      73.6203609078073,
      74.80231346162336,
      75.23093723234996,
      74.63216865001614,
      77.55690210998145,
      77.08548148007425,
      78.56367538103956,
      80.37687406212434,
      83.26598519350392,
      81.88816577968495,
      84.52649810916795,
      86.61206619980427,
      87.77144364621543,
      88.15656553399967,
      87.70100256411787
    ],
    "loss": [
      2.2136891968896095,
      2.154935492656797,
      2.0746562422881234,
      1.9158576595363812,
      1.7723995327428637,
      1.8290760416595733,
      1.5902193316230153,
      1.6224708060288413,
      1.556308388716381,
      1.4171535007224365,
      1.2398102468679415,
      1.3114890169626026,
      1.0745595167036024,
      1.0507311170029097,
      1.0309239818468305,
      0.9423150829401331,
      0.8393711540129752,
      0.7292378725802944,
      0.6388142563564886,
      0.5820695249193725
    ],
    "per_class_precision": [
      [
        0.8969238377211745,
        0.7671797563620383,
        0.7614009796902981,
        0.7021092412058623,
        0.7964441544951624,
        0.8137613853139397,
        0.8382407235080774,
        0.683380664240287,
        0.8777010481441103,
        0.7599243901919273
      ],
      [
        0.7173462976850857,
        0.8536332533437042,
        0.8870117884607042,
        0.7799044020211809,
        0.8487319161915483,
        0.7600951889318908,
        0.6723318844557853,
        0.8658388722673567,
        0.7602071804798501,
        0.7165512187055375
      ],
      [
        0.7542183506212711,
        0.8472948365945328,
        0.6553245265244066,
        0.7901409056901774,
        0.6983183244335139,
        0.9101237810546383,
        0.6644653801880801,
        0.812215850485824,
        0.803419940223022,
        0.8573195050048897
      ],
      [
        0.7608032352848946,
        0.8116219773717384,
        0.7683281259494733,
        0.6892073799883968,
        0.657426179498908,
        0.6750048388890475,
        0.8418144092867663,
        0.6895750666963811,
        0.8743927244976539,
        0.6775895606884629
      ],
      [
        0.9044378880675381,
        0.7100302505135148,
        0.8536448918937803,
        0.8186067683706474,
        0.8393513638967538,
        0.7994243750658411,
        0.7063320680270508,
        0.8636124414627026,
        0.7484479455249445,
        0.8663480300046539
      ],
      [
        0.7196743900365365,
        0.8989597060658019,
        0.7401178455624354,
        0.7563262442344836,
        0.8453303459644796,
        0.8849549851675651,
        0.6599368105455656,
        0.7465322664702277,
        0.6984941560803627,
        0.7772857836597029
      ],
      [
        0.8023075813800977,
        0.8215107583295954,
        0.8019046512484501,
        0.8751943574692055,
        0.8256313116269849,
        0.7678792044793942,
        0.8435847184947125,
        0.8201028901680348,
        0.7094312691447903,
        0.8574348892220921
      ],
      [
        0.7385992594698126,
        0.8271872492177528,
        0.7099285116981684,
        0.8748705059173174,
        0.7049566876296087,
        0.7492766253208776,
        0.7819821156093696,
        0.6894493491124748,
        0.7344900361209216,
        0.732056881869032
      ],
      [
        0.7643479776751941,
        0.7118941380588051,
        0.7869077398074626,
        0.6674333950448418,
        0.8278301186439716,
        0.7005643848327594,
        0.6644602224018626,
        0.650129603664358,
        0.6608112717368265,
        0.9153919561270889
      ],
      [
        0.6821009091205049,
        0.8997304484564719,
        0.8079182605624629,
        0.7460464859814717,
        0.6693943350499421,
        0.7426863369816473,
        0.9024088437560315,
        0.8932563552618643,
        0.727620552869412,
        0.908706045811063
      ],
      [
        0.6903076840354745,
        0.760281121719637,
        0.7110145157168795,
        0.8674797646918455,
        0.683470956951753,
        0.8538828274353792,
        0.7242442586473227,
        0.6819709194846169,
        0.7039901282833844,
        0.8913942454726294
      ],
      [
        0.7804020321829983,
        0.825410936687143,
        0.8250964439027476,
        0.7796487973601964,
        0.8721042349487251,
        0.6758414320051991,
        0.8504568748056713,
        0.7003817855789514,
        0.6734151495977477,
        0.7357750087603663
      ],
      [
        0.7807626325362832,
        0.8253849532109105,
        0.8248223382315758,
        0.8460179653698954,
        0.7223784567765592,
        0.6607046099308023,
        0.6931625100196803,
        0.6731167337038533,
        0.8324494637383686,
        0.7113929951338614
      ],
      [
        0.8355310899741479,
        0.7414241256454597,
        0.6539531952407737,
        0.7136048221892544,
        0.6621683212011829,
        0.6507848636670953,
        0.8580357598814646,
        0.8384970650820792,
        0.7035260935580883,
        0.7227306413212802
      ],
      [
        0.7577109011070021,
        0.8092938209129181,
        0.9062060944877943,
        0.8883010894060496,
        0.9003173229835533,
        0.8173857907567046,
        0.7355519308745603,
        0.8899530824267213,
        0.7278532490346737,
        0.7979494570243385
      ],
      [
        0.7291530711998923,
        0.8297135407513438,
        0.7204144050090248,
        0.8877729016226418,
        0.7547587136614292,
        0.8149027858239889,
        0.7918550338463931,
        0.830077513875311,
        0.6750345021277706,
        0.8915359250649741
      ],
      [
        0.8882175065639586,
        0.8374970483072749,
        0.6910155568034819,
        0.8124855714959744,
        0.6568531144798029,
        0.8648790899385425,
        0.6756219406908621,
        0.7725693247161174,
        0.6765559358188408,
        0.8652181243590016
      ],
      [
        0.9176071545638165,
        0.8851834697001403,
        0.7995788732971805,
        0.8744397648226019,
        0.6911828583593491,
        0.6518696037624783,
        0.7609709710143128,
        0.7560085989772407,
        0.73870704793653,
        0.8907148888097564
      ],
      [
        0.771226476323831,
        0.8777359075313536,
        0.8775551990856699,
        0.8507523083777322,
        0.8743287593866034,
        0.9141782472040194,
        0.7371786065283916,
        0.7947992115955088,
        0.6909574700507802,
        0.6652022372808789
      ],
      [
        0.7516370395732437,
        0.8358494519227556,
        0.7330010767299431,
        0.782420632855079,
        0.7108895687829825,
        0.8740533625222147,
        0.6589618098150789,
        0.8615998596411589,
        0.7239797150732944,
        0.6665106380515711
      ]
    ],