{
  "results": {
    "epochs": [
      1,
      2,
      3,
      4,
      5
    ],
    "accuracy": [
      70.42643995295384,
      76.97097601882197,
      80.66754961227335,
      87.2198963977896,
      90.21608362630887
    ],
    "loss": [
      1.8271525579832484,
      1.456319435802025,
      1.2189746392976768,
      0.892325378840271,
      0.36755804625655625
    ],
    "per_class_precision": [
      [
        0.8795198299674544,
        0.7285811711149301,
        0.8035224948076669,
        0.8973900359832716,
        0.8300891135205366,
        0.8206938042958672,
        0.9020425540694035,
        0.8826875770475445,
        0.8206147207620654,
        0.7984085117256889
      ],
      [
        0.6855286690854339,
        0.8704082192370105,
        0.6770945302508358,
        0.8398112064410425,
        0.6693376542126064,
        0.8586982477609819,
        0.7716099314012481,
        0.6990963910216089,
        0.6649661492088916,
        0.9041765894582705
      ],
      [
        0.8616988234577936,
        0.8508473847352613,
        0.791062084834804,
        0.8666789223564824,
        0.6747069301540054,
        0.9017532400408055,
        0.9103765322902866,
        0.7331760032446109,
        0.8808400495963046,
        0.7718574704525633
      ],
      [
        0.8041143872286598,
        0.6687770204054209,
        0.7223785328801642,
        0.6538468866764687,
        0.9051994218747861,
        0.694939625344649,
        0.8253564943788326,
        0.6960658696302715,
        0.6720053251542041,
        0.7125824217185659
      ],
      [
        0.7338024784129775,
        0.8250300802659088,
        0.8672083367527692,
        0.6585265784433884,
        0.8062370960527399,
        0.7849170045656082,
        0.8618811515387128,
        0.7359972070449704,
        0.8580611525899874,
        0.8968793020635764
      ]
    ],
    "per_class_recall": [
      [
        0.8475033265551872,
        0.6760284616241377,
        0.8177242702749801,
        0.6831351783815659,
        0.7249797350019838,
        0.7716901522034356,
        0.768393340458211,
        0.8711136772113474,
        0.8102398737232235,
        0.8095922041200011
      ],
      [
        0.6873773341042859,
        0.8212287369776787,
        0.8459524872851985,
        0.7854325581222719,
        0.8254562781249205,
        0.6913737838359316,
        0.7384561688025046,
        0.7949223848833628,
        0.7369383843926955,
        0.6377232593402784
      ],
      [
        0.8470023339446779,
        0.809969507344803,
        0.8888658285831676,
        0.6692863416978505,
        0.6667180459006012,
        0.7613801561164485,
        0.7630675427126172,
        0.6767367801957708,
        0.6865449588100109,
        0.7835835838686764
      ],
      [
        0.6934448091060522,
        0.7369046941295696,
        0.7020295238123873,
        0.670942760919036,
        0.7710410811172783,
        0.8229138597531266,
        0.6797298287101279,
        0.6551546739035402,
        0.6469220686438543,
        0.8368606905378346
      ],
      [
        0.7867470504689337,
        0.7209491047525696,
        0.8835994383604856,
        0.6993387102554834,
        0.7402057999317648,
        0.8035213368992952,
        0.7790140001423946,
        0.6551048995078392,
        0.8079565365118845,
        0.8199131457928336
      ]
    ]
  },
  "worker_selection": [
    [
      2,
      18,
      20,
      22,
      24
    ],
    [
      11,
      12,
      14,
      17,
      20
    ],
    [
      2,
      3,
      10,
      12,
      21
    ],
    [
      5,
      6,
      9,
      18,
      19
    ],
    [
      1,
      6,
      11,
      18,
      19
    ]
  ],
  "poisoned_workers": [
    0,
    1
  ],
  "config": {
    "num_poisoned_workers": 2,
    "replacement_method": "replace_1_with_9",
    "selection_strategy": "RandomSelectionStrategy",
    "workers_per_round": 5,
    "quick_mode": true,
    "kwargs": {
      "NUM_WORKERS_PER_ROUND": 5
    }
  },
  "metadata": {
    "experiment_id": "exp_20251014_161158_9727",
    "execution_mode": "simulation",
    "total_epochs": 5,
    "attack_method": "replace_1_with_9",
    "selection_strategy": "RandomSelectionStrategy",
    "duration_seconds": 1.5
  },
  "raw_csv": "epoch,accuracy,loss\\n1,70.426440,1.827153\\n2,76.970976,1.456319\\n3,80.667550,1.218975\\n4,87.219896,0.892325\\n5,90.216084,0.367558"
}